comment,key,en,zh-Hans,zh-Hant,ja,ko
"The language's name in itself.
Used in option menu.",language_name,English,简体中文,繁體中文,日本語,한국어
"The list of localizer names, seperated by commas.
Used in information menu.",localizer_names,N/A,DJ Hitori,Kento,"BrainInAVet, Sinby","Dino.B, Sinby, BrainInAVet, namusang"
,,,,,,
`===== Main Menu =====,,,,,,
,welcome_mat_instruction,Click / Touch / Press any key,轻触屏幕 / 鼠标 / 任意键,觸碰螢幕 / 點擊滑鼠 / 按下任意鍵,Click / Touch / Press any key,클릭 / 터치 / 아무 키나 누르십시오.
,,,,,,
,resource_loader_loading_note_skin,Loading note skin...,正在读取音符皮肤……,正在載入音符造型......,ノートスキンを読み込み中...,노트 스킨을 불러오는 중입니다...
,resource_loader_note_skin_error_format,"An error occurred when loading note skin:

{0}

Please select a valid skin from the options menu.","读取音符皮肤时发生错误：

{0}

请在设置菜单选择一个可用的皮肤。","載入音符造型時發生錯誤：

{0}

請在設定中選擇一個可用的造型。","ノートスキンの読み込み中にエラーが発生しました：

{0}

オプションで正しいスキンを選択してください。","다음 스킨을 불러오는 중 오류가 발생했습니다.

{0}

옵션에서 노트 스킨을 다시 선택하십시오."
,resource_loader_loading_vfx_skin,Loading VFX skin…,正在读取特效皮肤……,正在載入特效造型......,VFXスキンを読み込み中...,쿨밤 스킨을 불러오는 중입니다...
,resource_loader_vfx_skin_error_format,"An error occurred when loading VFX skin:

{0}

Please select a valid skin from the options menu.","读取特效皮肤时发生错误：

{0}

请在设置菜单选择一个可用的皮肤。","載入特效造型時發生錯誤：

{0}

請在設定中選擇一個可用的造型。","VFXスキンの読み込み中にエラーが発生しました：

{0}

オプションで正しいスキンを選択してください。","다음 스킨을 불러오는 중 오류가 발생했습니다.

{0}

옵션에서 쿨밤 스킨을 다시 선택하십시오."
,resource_loader_loading_combo_skin,Loading combo skin…,正在读取连击皮肤……,正在載入連擊造型......,コンボスキンを読み込み中...,콤보 스킨을 불러오는 중입니다...
,resource_loader_combo_skin_error_format,"An error occurred when loading combo skin:

{0}

Please select a valid skin from the options menu.","读取连击皮肤时发生错误：

{0}

请在设置菜单选择一个可用的皮肤。","載入連擊造型時發生錯誤：

{0}

請在設定中選擇一個可用的造型。","コンボスキンの読み込み中にエラーが発生しました：

{0}

オプションで正しいスキンを選択してください。","다음 스킨을 불러오는 중 오류가 발생했습니다.

{0}

옵션에서 콤보 스킨을 다시 선택하십시오."
,resource_loader_loading_game_ui_skin,Loading game UI skin…,正在读取游戏内界面皮肤……,正在讀取遊戲介面造型,UIスキンを読み込み中...,UI 스킨을 불러오는 중입니다...
,resource_loader_game_ui_skin_error_format,"An error occurred when loading game UI skin:

{0}

Please select a valid skin from the options menu.","读取游戏内界面皮肤时发生错误：

{0}

请在设置菜单选择一个可用的皮肤。","載入遊戲介面造型時發生錯誤：

{0}

請在設定中選擇一個可用的造型。","次のスキンの読み込み中にエラーが発生しました：

{0}

オプションでUIスキンを再度選択してください。","다음 스킨을 불러오는 중 오류가 발생했습니다.

{0}

옵션에서 UI 스킨을 다시 선택하십시오."
,,,,,,
,main_menu_start_button,START,开始,開始,スタート,게임 시작
,main_menu_editor_button,EDITOR,编辑,編輯,エディタ,편집기
,main_menu_options_button,OPTIONS,设置,設定,オプション,설정
,main_menu_information_button,Information,须知,須知,情報,안내
,main_menu_quit_button,QUIT,退出,離開,終了,종료
,main_menu_editor_on_mobile_confirmation,"The editor is designed for PC. Many features will be inaccessible without a mouse and keyboard.

Continue anyway?","谱面编辑器是为PC设计，某些功能只有用鼠标键盘才能使用。

仍然要进入编辑器吗？","譜面編輯器是為 PC 設計，某些功能只有鍵盤滑鼠才能使用。

仍要進入編輯器嗎？","エディタはPCで使用することを想定しています。マウスとキーボードを使用しない場合、多くの機能が使えなくなります。

続けますか？","패턴 편집기는 PC 환경에 최적화되어 있습니다. 모바일 환경에서는 일부 기능을 이용하지 못할 수 있습니다.

계속하시겠습니까?"
,main_menu_editor_on_mobile_confirm,Continue,进入,進入,続ける,계속하기
,main_menu_editor_on_mobile_cancel,Cancel,取消,取消,キャンセル,취소
,,,,,,
,custom_ruleset_load_error_format,"An error occurred when loading custom ruleset:

{0}","读取自定义规则时发生错误：

{0}","載入自訂規則時發生錯誤：

{0}","カスタムルールセットの読み込み中にエラーが発生しました：

{0}","사용자 지정 규칙을 불러오는 중 오류가 발생했습니다.

{0}"
,,,,,,
,select_track_panel_title,Select Track,选择曲目,選擇歌曲,トラック選択,Select Track
,eyecatch_no_image_text,No image,没有预览,沒有預覽,イメージなし,No image
,select_track_scanning_text,Scanning: {0},正在扫描：{0},正在掃描：{0},スキャン中: {0},검색 중 : {0}
,select_track_extracting_text,Extracting: {0},正在解压：{0},正在解壓縮：{0},解答中: {0},압축 해제 중 : {0}
,select_track_upgrading_text,Upgrading: {0},正在升级：{0},正在升級：{0},更新中：{0},업그레이드 중: {0}
,select_track_go_up_card_title,Go Up,向上,向上一層,上位に戻る,상위 폴더로
"When there's an error with a track,
the select track panel will create an ""error card"" for it,
with the title and artist as listed here.",select_track_error_card_title,Could not load track,无法读取曲目,無法載入歌曲,トラックを読み込めません。,음악을 불러올 수 없습니다.
,select_track_upgrade_error_card_title,Could not upgrade track,无法升级曲目,無法升級歌曲,更新できません,업그레이드할 수 없음
,select_track_error_card_artist,Open for details,点击查看详情,查看詳細資訊,詳細,자세히
"{0} is track.tech's full path;
{1} is the error message.",select_track_error_format,"An error occurred when loading {0}:

{1}","读取{0}时发生错误：

{1}","載入 {0} 時發生錯誤：

{1}","{0} の読み込み中にエラーが発生しました：

{1}","{0}을(를) 불러오는 중 오류가 발생했습니다.

{1}"
,select_track_upgrade_error_format,"An error occurred when upgrading {0}:

{1}","升级{0}时发生错误：

{1}","升級 {0} 時發生錯誤：

{1}","{0}の更新中にエラーが発生しました：

{1}","{0}을/를 업그레이드하는 중 오류가 발생했습니다.

{1}"
,select_track_new_track_card_title,New,新建,新增,新しいトラック,새 음악
"{0} is the number of tracks hidden;
{1} is the search term.",select_track_some_tracks_hidden_text,"{0} track(s) are hidden as they don't match the search term ""{1}"".",{0}首曲目不包含搜索关键字“{1}”，因而没有显示。,隱藏了 {0} 首不包含搜尋關鍵字 “{1}” 的曲目。,"キーワード""{1}""を含まない{0}曲が表示されていません。","검색어 ""{1}""을 포함하지 않는 {0}곡이 표시되지 않았습니다."
,select_track_no_track_text,TECHMANIA cannot find any track in this folder.,TECHMANIA没有在此文件夹内找到任何曲目。,TECHMANIA 找不到任何曲目。,トラックがありません。,음악이 없습니다.
,select_track_upgrade_version_confirmation,"Some tracks are created with older versions of TECHMANIA. They will still work, but it will take longer for the select track screen to scan them.

Would you like to upgrade all tracks to the current version?

It is recommended that you backup your tracks before upgrading.","有一部分曲目是使用旧版本的TECHMANIA制作。你仍然可以游玩这些曲目，但是扫描这些曲目将需要更长时间。

是否将所有曲目升级至当前版本？

建议在备份所有曲目后再开始升级。","有一部分的歌曲是使用舊版本的 TECHMANIA 製作的。你仍然可以遊玩這些歌曲，但是掃描這些歌曲將需要更長時間。

是否將所有歌曲升級至目前版本？

建議備份所有歌曲後再開始升級。","旧バージョンのTECHMANIAで作成されたトラックがあります。プレイはできますが、トラック選択画面のロードに遅延が発生する可能性があります。

全てのトラックを更新しますか？

更新する前にトラックのバックアップを推奨します。","패턴이 최신 버전이 아닌 곡이 있습니다. 플레이할 수 있으나, 음악 선택 화면의 출력이 지연될 수 있습니다.

모든 패턴을 최신 버전으로 업그레이드하시겠습니까? 업그레이드하기 전에 기존 패턴 백업을 권장합니다."
,select_track_upgrade_version_confirm,Upgrade,升级,升級,更新,업그레이드
,select_track_upgrade_version_cancel,Cancel,取消,取消,キャンセル,취소
,select_track_upgrade_complete_message,Upgrade completed.,升级完毕。,升級完成。,更新が完了しました。,업그레이드를 완료하였습니다.
,select_track_upgrade_complete_with_error_message,"Upgrade completed, but some tracks failed to upgrade. Click the error cards for details.",升级完毕，但是有部分曲目升级失败。请点击显示错误的卡片以查看详情。,升級完成，但是有部分歌曲升級失敗。請點擊顯示錯誤的卡片查看詳細資訊。,一部のトラックの更新に失敗しました。詳細はエラーカードをご確認ください。,일부 음악 데이터를 업그레이드하지 못했습니다. 자세한 오류 내용은 해당 음악 아이콘을 클릭하여 확인하십시오.
,,,,,,
,track_filter_sidesheet_search_title,Search,搜索,搜尋,検索,검색
,track_filter_sidesheet_keyword_label,Keyword,关键字,關鍵字,キーワード,키워드
,track_filter_sidesheet_options_title,Options,设置,設定,設定,정렬 옵션
,track_filter_sidesheet_show_tracks_in_all_folders_label,Show tracks in all folders,显示所有文件夹内的曲目,顯示所有資料夾內的曲目,全てのトラックを見る,모든 음악 보기
,track_filter_sidesheet_sort_by_label,Sort by,排序,排序,並べ替え,정렬 기준
,track_filter_sidesheet_sort_ascending_label,Ascending,升序,升冪,昇順,오름차순
,track_filter_sidesheet_sort_descending_label,Descending,降序,降冪,降順,내림차순
,track_filter_sidesheet_sort_basis_title,Title,标题,標題,曲名,제목
,track_filter_sidesheet_sort_basis_artist,Artist,艺术家,演出者,アーティスト,아티스트
,track_filter_sidesheet_sort_basis_genre,Genre,流派,曲風,ジャンル,장르
,track_filter_sidesheet_sort_basis_touch_level,Touch level,触控谱面难度,觸控譜面難度,レベル(タッチ),레벨(터치)
,track_filter_sidesheet_sort_basis_keys_level,Keys level,键盘谱面难度,鍵盤譜面難度,レベル(キーボード),레벨(키보드)
,track_filter_sidesheet_sort_basis_km_level,KM level,键鼠谱面难度,鍵鼠譜面難度,レベル(キーボード・マウス),레벨(키보드 + 마우스)
,,,,,,
,select_pattern_panel_title,Select Pattern,选择谱面,選擇譜面,パターン選択,패턴 선택
,select_pattern_bpm_label,BPM,BPM,BPM,BPM,템포
,select_pattern_length_label,Length,长度,長度,長さ,재생 시간
,select_pattern_notes_label,Notes,音符数,音符數,ノート数,노트 수
,select_pattern_radar_title,Radar,雷达,詳細,詳細,세부 지표
,select_pattern_my_record_title,My record,最高纪录,最高紀錄,自分の記録,나의 기록
,select_pattern_modifier_title,Modifiers,游戏选项,遊戲選項,モディファイア,옵션
"Shown when all modifiers are set to ""normal"".",select_pattern_modifier_none,(none),（无）,(無),(なし),(없음)
,select_pattern_modifier_button,Modifiers,游戏选项,遊戲選項,モディファイア,플레이 옵션
,,,,,,
,radar_dimension_density,Density,密度,平均密度,密度,평균 밀도
Changed in 1.0.2.,radar_dimension_peak,Peak,峰值,峰值,ピーク値,최고 밀도
,radar_dimension_speed,Speed,速度,速度,速さ,빠르기
,radar_dimension_chaos,Chaos,混乱,混亂度,混乱度,복잡도
,radar_dimension_async,Async,异地,異步,非同期,비동기 터치
,radar_dimension_shift,Shift,变速,變速,変速,변속
,,,,,,
,modifier_sidesheet_modifiers_title,Modifiers,游戏选项,遊戲選項,モディファイア,플레이 옵션
,modifier_sidesheet_note_opacity_label,Note opacity,音符透明度,音符透明度,ノート透明度,노트 이펙터
,modifier_sidesheet_scanline_opacity_label,Scanline opacity,扫描线透明度,掃描線透明度,スキャンライン透明度,타임라인 이펙터
,modifier_sidesheet_scan_direction_label,Scan direction,扫描方向,掃描方向,スキャン方向,스크롤 방향
,modifier_sidesheet_note_position_label,Note position,音符位置,音符位置,ノート位置,노트 배치
,modifier_sidesheet_scan_position_label,Scan position,扫描位置,掃描位置,スキャン位置,마디 배치
,modifier_sidesheet_fever_label,Fever,Fever,Fever,Fever,피버
,modifier_sidesheet_keysound_label,Keysound,按键音,按鍵音,ノート音,연주음
,modifier_sidesheet_assist_tick_label,Assist tick,辅助音效,輔助音效,打撃音,클릭음
,modifier_sidesheet_appearance_title,Appearance,界面,介面,表示,화면 표시
,modifier_sidesheet_background_brightness_label,BG brightness,背景亮度,背景亮度,背景の明るさ,BGA 밝기
,modifier_sidesheet_no_video_label,No video,不播放视频,不播放影片,BGAオフ,BGA 끄기
,modifier_sidesheet_special_modifiers_title,Special Modifiers,特殊选项,特殊選項,特殊モディファイア,기타 옵션
,modifier_sidesheet_special_modifiers_warning,Warning: these options will invalidate your score.,警告：这些选项会导致你的成绩无效。,警告：這些選項會使成績無效,注意：このオプションを有効にするとスコアが無効になります。,주의: 아래 옵션을 사용하면 스코어를 등록할 수 없습니다.
,modifier_sidesheet_mode_label,Mode,模式,模式,モード,모드
,modifier_sidesheet_control_override_label,Control override,操作方式,操作方式,プレイ方式,입력 방식
,modifier_sidesheet_scroll_speed_label,Scroll speed,扫描速度,掃描速度,スクロール速度,스크롤 속도
,,,,,,
,modifier_normal,Normal,正常,正常,ノーマル,기본
,modifier_none,None,无,無,なし,없음
,modifier_fade_out,Fade out,淡出,淡出,FADE OUT,FADE OUT
,modifier_fade_out_2,Fade out 2,淡出II,淡出II,FADE OUT 2,FADE OUT 2
,modifier_fade_in,Fade in,淡入,淡入,FADE IN,FADE IN
,modifier_fade_in_2,Fade in 2,淡入II,淡入II,FADE IN 2,FADE IN 2
,modifier_blink,Blink,闪烁,閃爍,BLINK,BLINK
,modifier_blink_2,Blink 2,闪烁II,閃爍II,BLINK 2,BLINK 2
,modifier_blind,Blind,隐藏扫描线,隱藏掃描線,BLIND,BLIND
,modifier_right_right,Right - Right,右 - 右,右 - 右,右 - 右,오른쪽
,modifier_left_right,Left - Right,左 - 右,左 - 右,左 - 右,역방향
,modifier_left_left,Left - Left,左 - 左,左 - 左,左 - 左,왼쪽
,modifier_mirror,Mirror,镜像,鏡像,MIRROR,MIRROR
,modifier_swap,Swap,调换,調換,反転,반전
,modifier_fever_off,Fever off,关闭Fever,關閉 Fever,Fever オフ,끄기
,modifier_auto_fever,Auto Fever,自动Fever,自動 Fever,オート Fever,자동
,modifier_auto_keysound,Auto keysound,自动按键音,自動按鍵音,オートノート音,자동 재생
,modifier_assist_tick,Assist tick,辅助音效,輔助音效,打撃音,수동
,modifier_auto_assist_tick,Auto assist tick,自动辅助音效,自動輔助音效,オート打撃音,자동
,modifier_no_fail,No fail,无失败,無失敗,No Fail,게임오버 없음
,modifier_auto_play,Auto play,自动演奏,自動演奏,オートプレイ,자동 연주
,modifier_practice,Practice,练习,練習,練習,연습 모드
,modifier_override_to_touch,Override to Touch,强制使用触控,強制使用觸控,タッチで操作,터치
,modifier_override_to_keys,Override to Keys,强制使用键盘,強制使用鍵盤,キーボードで操作,키보드
,modifier_override_to_km,Override to KM,强制使用键鼠,強制使用鍵鼠,キーボード・マウスで操作,키보드 + 마우스
,modifier_half_speed,Half speed,半速,半速,0.5x,0.5x
,,,,,,
,options_panel_title,Options,设置,設定,オプション,설정
,options_graphics_header,Graphics,图像,影像,グラフィック,그래픽
,options_resolution_label,Resolution,分辨率,解析度,解像度,화면 해상도
,options_fullscreen_mode_label,Fullscreen mode,全屏模式,顯示模式,画面モード,출력 방식
,options_fullscreen_mode_exclusive_fullscreen,Exclusive fullscreen,独占全屏,全螢幕,フルスクリーン,전체화면
,options_fullscreen_mode_fullscreen_window,Borderless window,全屏窗口,無邊框視窗,ボーダーレス,윈도우(전체화면)
,options_fullscreen_mode_maximized_window,Maximized window,最大化窗口,最大化視窗,ウィンドウ（最大）,윈도우(최대화)
,options_fullscreen_mode_windowed,Windowed,窗口化,視窗化,ウィンドウ,윈도우
,options_vsync_label,VSync,垂直同步,垂直同步,VSync,수직 동기화
,options_audio_header,Audio,音频,音效,オーディオ,오디오
,options_master_volume_label,Master,主音量,主音量,マスター,마스터 볼륨
,options_music_volume_label,Music,音乐音量,音樂音量,音楽,반주음
,options_keysounds_volume_label,Keysounds,按键音音量,按鍵音音量,ノート音,연주음
,options_sfx_volume_label,Sound effects,音效音量,音效音量,効果音,효과음
,options_audio_buffer_size_label,Audio buffer size,音频缓冲长度,音效緩衝長度,オーディオバッファ,오디오 버퍼 크기
,options_audio_buffer_size_explanation,"Lower value reduces audio latency,
but may cause audio issues such as stuttering.","数值越小，音频延迟越低，
但也越可能出现卡壳等问题。","數值越小，音效延遲越低，
但也越可能出現問題。","バッファを減らせば遅延が小さくなりますが、
ノイズ、音ズレなどが発生することがあります。","버퍼 크기가 작을수록 오디오 지연이 감소하지만,
노이즈, 싱크 밀림 등의 문제가 발생할 수 있습니다."
,options_appearance_header,Appearance,界面,介面,表示,화면
,options_language_label,Language,语言,語言,言語,언어
,options_select_skins_label,Skins,皮肤,造型,スキン,스킨
,options_select_skins_button,SELECT,选择,選擇,選択,선택
,options_show_loading_bar_label,Show loading bar,显示读取进度,顯示讀取進度,読み込みのプログレスバー表示,로딩 상태 표시
,options_show_fps_label,Show FPS,显示帧数,顯示幀數,フレームレート表示,FPS 표시
,options_show_judgement_tally_label,Show judgement tally,显示判定统计,顯示判定統計,リアルタイム判定表示,실시간 판정 보기
,options_show_lane_dividers_label,Show lane dividers,显示轨道分界线,顯示軌道分界線,レーン区切り線を表示,트랙 구분선 표시
,options_beat_markers_label,Beat markers,节拍辅助线,節拍輔助線,ビート区切り線,박자 구분선
,options_beat_markers_hidden,Hidden,隐藏,隱藏,隠す,숨김
,options_beat_markers_show_beat_markers,Show beat markers,显示节拍辅助线,顯示節拍輔助線,1泊毎に表示,1박마다 표시
,options_beat_markers_show_half_beat_markers,Show half beat markers,显示半节拍辅助线,顯示半拍輔助線,半拍毎に表示,반 박마다 표시
,options_bg_scaling_label,Background scaling,背景缩放方式,背景縮放方式,BGAのスケーリング,BGA 맞춤
,options_bg_scaling_fill_entire_screen,Fill entire screen,覆盖整个屏幕,覆蓋整個螢幕,画面に合わせる,전체 화면
,options_bg_scaling_fill_game_area,Fill game area,仅覆盖游戏区域,僅覆蓋遊戲區域,ゲームプレイエリアに合わせる,게임 플레이 영역
,options_miscellaneous_header,Miscellaneous,其他,其他,その他,기타
,options_ruleset_label,Ruleset,规则,規則,ルールセット,규칙
,options_ruleset_standard,Standard,标准,標準,スタンダード,표준
,options_ruleset_legacy,Legacy,经典,經典,レガシー,레거시
,options_ruleset_custom,Custom,自定义,自訂,カスタム,사용자 지정
,custom_ruleset_not_found_error_format,"The ruleset file (expected at {0}) is not found. Please make sure the file exists, and then try again.",找不到规则文件（{0}）。请确保此文件存在，然后重试。,找不到規則檔案（{0}）。請確認檔案存在後再試一次。,ルールセットファイル（{0}）が見つかりません。ファイルが存在するか確認してからもう一度試してください。,규칙 정의 파일을 {0}에서 찾지 못했습니다. 파일이 올바른 경로에 있는지 확인하고 다시 시도하십시오.
,options_custom_data_location_label,Custom data location,自定义数据位置,自訂檔案位置,カスタムデータパス,데이터 위치 사용자 정의
,options_custom_data_location_browse_button,Browse,浏览,瀏覽,参照…,찾아보기
,options_tracks_folder_label,Tracks folder,曲目文件夹,歌曲資料夾,トラックフォルダ,음악 폴더
,options_skins_folder_label,Skins folder,皮肤文件夹,造型資料夾,スキンフォルダ,스킨 폴더
,options_touchscreen_test_label,Touchscreen test,触屏测试,觸控測試,タッチスクリーンテスト,터치스크린 테스트
,options_touchscreen_test_button,START,开始,開始,開始,시작
,options_offset_latency_label,Offset & latency,偏移与延迟,偏移與延遲,オフセット/遅延,오프셋/지연
,options_offset_latency_button,CALIBRATE,校对,校正,調整,보정하기
Added in 1.0.2.,options_pause_when_game_loses_focus,Pause when game loses focus,失去焦点时暂停游戏,失去焦點時暫停遊戲,ゲームのフォーカスを外したときに一時停止,백그라운드 상태에서 일시정지
,,,,,,
,touchscreen_test_panel_title,Touchscreen Test,触屏测试,觸控測試,タッチスクリーンテスト,터치스크린 테스트
,touchscreen_test_panel_instruction,Touch anywhere on the screen. Circles should appear around your fingertips.,请轻触屏幕上任意位置。触点周围会出现圆圈。,請觸碰螢幕上任意位置。指尖周圍會出現圓圈。,画面をタップしてください。指の周りに円が現れます。,화면을 터치하십시오. 손가락 주변에 원이 나타납니다.
,touchscreen_test_finger_indicator,Finger #{0},触点 #{0},手指 #{0},タップ #{0},터치 #{0}
,,,,,,
,timing_calibration_panel_title,Timing Calibration,偏移与延迟校对,偏移與延遲校正,タイミング調整,타이밍 보정
,timing_calibration_device_label,Input device,输入设备,輸入裝置,入力方式,입력 장치
,timing_calibration_device_touchscreen,Touchscreen,触屏,觸控螢幕,タッチスクリーン,터치스크린
,timing_calibration_device_keyboard_mouse,Keyboard & Mouse,键盘鼠标,鍵盤滑鼠,キーボード・マウス,키보드/마우스
,timing_calibration_offset_label,Note offset (ms),音符偏移（ms）,音符偏移,ノートオフセット(ms),노트 오프셋 (ms)
,timing_calibration_latency_label,Input latency (ms),输入延迟（ms）,輸入延遲,入力遅延(ms),입력 지연 (ms)
,timing_calibration_instruction_label,Instructions,说明,說明,設定方法,설명
,timing_calibration_instruction,"1. <indent=5%>Choose the input device(s) you wish to calibrate, then play the notes below. (for keyboard you can use any letter or number key)</indent>
2. <indent=5%>Adjust note offset until you feel the timing of notes and keysounds are correct.</indent>
3. <indent=5%>Adjust input latency until the reported time differences get close to 0.</indent>","1. <indent=5%>选择待校对的输入设备，然后演奏下方的音符。（在键盘上可以使用任意字母、数字键）</indent>
2. <indent=5%>调整音符偏移，直到你感觉音符以及按键音的时机与背景音乐完全同步。</indent>
3. <indent=5%>调整输入延迟，直到游戏报告的时间差接近于0。</indent>","1. <indent=5%>選擇待校正的輸入裝置，然後演奏下方的音符。（在鍵盤上可以使用任意字母、數字鍵）</indent>
2. <indent=5%>調整音符偏移，直到您感覺音符以及按鍵音的時機與背景音樂完全同步。</indent>
3. <indent=5%>調整輸入延遲，直到遊戲回報的時間差接近於 0。</indent>","1. <indent=5%>タイミングを調整したい入力方法を選択し、下のノートをタップしてください。（キーボードでは全ての文字・数字キーを使用できます）</indent>
2. <indent=5%>ノートのタイミングとノート音が合っていると感じられるまで調整してください。</indent>
3. <indent=5%>時間差が0に近くなるまで入力遅延を調整してください。</indent>","1. <indent=5%>보정할 입력 장치를 선택하고, 아래 노트를 연주합니다. 키보드는 문자, 숫자 키 중 아무 키나 사용할 수 있습니다.</indent>
2. <indent=5%>연주음과 연주 타이밍이 일치할 때까지 오프셋을 조정하십시오.</indent>
3. <indent=5%>시간차가 0에 최대한 가까워지도록 입력 지연을 조정하십시오.</indent>"
,timing_calibration_early_indicator,early,过早,太早,EARLY,EARLY
,timing_calibration_late_indicator,late,过晚,太晚,LATE,LATE
,,,,,,
,select_skin_panel_title,Select Skin,选择皮肤,選擇造型,スキン選択,스킨 선택
,select_skin_note_skin_label,Note,音符,音符,ノート,노트
,select_skin_vfx_skin_label,VFX,特效,特效,VFX,쿨밤
,select_skin_combo_skin_label,Combo,连击,連擊,コンボ,판정/콤보
,select_skin_game_ui_skin_label,Game UI,游戏内界面,遊戲介面,ゲームUI,게임 UI
,select_skin_reload_skin_when_loading_label,Reload skins when loading patterns,读取谱面时重新读取皮肤,載入譜面時重新載入造型,パターンの読み込み時にスキンを再読み込み,패턴을 열 때 스킨 다시 로드
,,,,,,
,information_panel_title,Information,须知,須知,情報,안내
,information_panel_getting_started_header,Getting started,入门,開始,はじめに,게임 시작하기
,information_panel_getting_started_text,"Download tracks and skins from the official website, then extract them into the ""Tracks"" and ""Skins"" folders.",从官方网站下载曲目和皮肤，然后解压到Tracks和Skins文件夹。,從官方網站下載歌曲和造型，然後解壓縮到 Tracks 和 Skins 資料夾。,公式ウェブサイトでトラックとスキンをダウンロードし、「Tracks」と「Skins」フォルダに解凍します。,"공식 웹사이트에서 음악과 스킨을 내려받고, ""Tracks""와 ""Skins"" 폴더에 각각 압축을 해제합니다."
,information_panel_tracks_skins_location_pc,"On PC, these folders are next to TECHMANIA.exe.",在PC上，这两个文件夹和TECHMANIA.exe位于同一位置。,在 PC 上，這兩個資料夾和 TECHMANIA.exe 在同一個位置。,PCの場合、これらのフォルダはTECHMANIA.exeと同じパスにあります。,해당 폴더는 게임 실행 파일과 같은 위치에서 찾을 수 있습니다.
,information_panel_tracks_skins_location_ios,"On iOS/iPadOS, you can find these folders in the Files app, or in iTunes File Sharing on your computer.",在iOS/iPadOS上，使用文件app或者iTunes的文件共享来访问这两个文件夹。,在 iOS/iPadOS 上，使用檔案 app 或 iTunes 檔案共享來查看這兩個資料夾,iOS・iPadOSの場合、ファイルアプリまたはiTunesのファイル共有をご利用ください。,파일 앱 또는 iTunes의 파일 공유 기능을 사용하십시오.
,information_panel_tracks_skins_location_android,"On Android, you can find these folders in /storage/Android/data/com.TECHMANIA.",在Android上，这两个文件夹位于/storage/Android/data/com.TECHMANIA。,在 Android 上，這兩個資料夾在 /storage/Android/data/com.TECHMANIA。,Androidの場合、これらのフォルダは/storage/Android/data/com.TECHMANIAにあります。,해당 폴더는 /storage/Android/data/com.TECHMANIA에서 찾을 수 있습니다.
Added in 1.0.2,information_panel_ios_guided_access,Enable Guided Access from your device's accessibility settings to avoid returning to the Home Screen when swiping.,在系统设置——辅助功能中启用引导式访问，可以避免滑动操作时返回主屏幕。,在設定——輔助使用中啟用引導使用模式，可以避免滑動操作時返回主畫面。,画面をスワイプしたときにホーム画面に移動することを防止するにはデバイス設定のアクセシビリティでアクセスガイドを有効にしてください。,화면을 스와이프했을 때 홈 화면으로 이동하는 것을 막으려면 기기 설정 > 손쉬운 설정 항목에서 '사용법 유도'를 활성화하십시오.
,information_panel_links_header,Links,链接,連結,リンク,링크
,information_panel_links_website,Website,网站,網站,ウェブサイト,웹사이트
,information_panel_links_documentation,Documentation,文档,文件,公式マニュアル,기술 문서
,information_panel_health_safety_header,Health & safety information,健康与安全须知,健康與安全須知,健康と安全のために,안전과 건강을 위하여
,information_panel_health_safety_text,"When playing with a touchscreen, please do not strike it violently. Doing so may cause damage to the touchscreen and/or yourself.

Flashing lights may trigger seizures, even in people who never experienced it before. If you feel uncomfortable, stop playing and take a break.","使用触屏时请勿用力击打，否则可能对触屏或玩家自身造成伤害。

闪烁的游戏图像有可能触发癫痫症状，无论是否有此病史。如果在游戏时感到不适，请停止游戏并休息。","使用觸控螢幕時請勿用力點擊，否則可能會對螢幕或玩家自身造成傷害。

無論是否有癲癇病史，閃爍的遊戲影像可能會觸發此症狀。如果在遊戲時趕到不適，請停止遊戲並休息。","タッチスクリーンは軽くタップしてください。衝撃を与える行為または指ではないものでタップする行為は故障の原因となります。

まれに特定の光のパターンや点滅を見た場合にてんかん発作を起こす場合があります。これまでにてんかん発作やてんかん病状のない人でも同様に起きる可能性があります。ゲーム中にめまい、視覚変化、目元の痙攣、意識消失、方向感覚消失、あらゆる不随意運動、痙攣などの症状が生じた場合には直ちにゲームを中止し、十分に休息するか医師へご相談ください。","터치 스크린은 손가락으로 가볍게 눌러 주십시오.
주먹으로 내려치거나 다른 도구를 사용하는 등의 다른 방법으로 터치 스크린을 누를 경우, 터치 스크린이 파손될 수 있습니다.

극소수이나 몇몇 사람들은 비디오 게임 등에서 볼 수 있는 번쩍이는 빛이나 무늬와 같은 시각적 이미지에 노출되면 ""광과민성 간질 발작""을 일으킬 수 있습니다.

현기증, 환각, 눈이나 얼굴의 경련, 팔이나 다리의 경련이나 떨림, 방향감각 상실, 정신 착란, 일시적인 의식 상실 등의 증상 중 한 가지라도 나타나면 즉시 게임을 중단하고 의사와 상의하십시오."
,information_panel_credits_header,Credits,制作人,製作者,クレジット,
,information_panel_credits_program,Program,程序,程式,プログラミング,프로그래밍
,information_panel_credits_localizer,Localization (in alphabetical order),本地化（字母序）,翻譯 (字母排序),翻訳（アルファベット順）,번역(이름순)
,,,,,,
,select_pattern_no_pattern_text,This track does not contain any pattern.,本曲目不包含任何谱面。,本歌曲不包含任何譜面,このトラックにはパターンがありません。,이 음악에는 패턴이 없습니다.
,select_pattern_play_button,PLAY,开始,開始,プレイ,시작
,,,,,,
,message_dialog_ok_button,OK,确定,確定,OK,확인
,,,,,,
`===== Game scene =====,,,,,,
,resource_loader_error_format,"An error occurred when loading {0}:

{1}","读取{0}时发生错误：

{1}","讀取 {0} 時發生錯誤：

{1}","{0} の読み込み中にエラーが発生しました：

{1}","{0}을/를 불러오는 중 오류가 발생했습니다.

{1}"
,resource_loader_unsupported_format_error_format,"Could not load {0}. The file may be corrupted, or be of an unsupported format.",无法读取{0}。此文件可能已损坏，或者是不支持的格式。,無法讀取 {0}。這個檔案可能損壞，或是不支援的格式。,{0} を読み込めません。正しくないファイルまたは対応していないファイル形式です。,{0}을/를 불러올 수 없습니다. 파일이 잘못되었거나 지원하지 않는 형식입니다.
,,,,,,
Shown behind the HP bar when no fail is active.,game_no_fail_indicator,No fail,无失败,No fail,No fail,No fail
,game_score_label,Score,分数,SCORE,SCORE,SCORE
,game_max_combo_label,Max Combo,最大连击,MAX COMBO,MAX COMBO,MAX COMBO
,game_fever_off_indicator,FEVER OFF,FEVER OFF,FEVER OFF,FEVER OFF,FEVER OFF
,game_fever_ready_indicator,FEVER,FEVER,FEVER,FEVER,FEVER
,game_fever_instruction_touch,TOUCH,轻触,TOUCH,TOUCH,TOUCH
,game_fever_instruction_keys_km,PRESS SPACE,空格,PRESS SPACE,PRESS SPACE,PRESS SPACE
,game_fever_bonus_text,FEVER BONUS   +{0},FEVER奖励    +{0},FEVER BONUS   +{0},FEVER BONUS   +{0},FEVER BONUS   +{0}
,game_loading_text,Loading...,正在读取……,載入中......,読み込み中...,Loading...
,game_stage_failed_title,STAGE FAILED,请再接再厉,STAGE FAILED,STAGE FAILED,STAGE FAILED
,,,,,,
,practice_mode_scan_label,Scan,扫描,掃描,スキャン,마디
,practice_mode_loop_label,Loop,循环,循環,ループ,구간 반복
,practice_mode_speed_label,Speed,速度,速度,速度,재생 속도
,practice_mode_show_hitbox_label,Show hitbox,显示操作范围,顯示操作範圍,ヒットボックスを表示,판정 영역 보이기
,practice_mode_auto_play_label,Auto play,自动演奏,自動演奏,オートプレイ,자동 연주
,,,,,,
,pause_dialog_title,PAUSE,暂停,暫停,PAUSE,PAUSE
,pause_resume_button,CONTINUE,继续,繼續,CONTINUE,CONTINUE
,pause_restart_button,RESTART,重试,再試一次,RESTART,RESTART
,pause_select_track_button,SELECT TRACK,选曲,選擇歌曲,SELECT MUSIC,SELECT MUSIC
,,,,,,
`===== Result scene =====,,,,,,
,result_panel_stage_clear_title,Stage Clear,挑战成功,STAGE CLEARED,STAGE CLEARED,STAGE CLEARED
,result_panel_stage_failed_title,Stage Failed,挑战失败,STAGE FAILED,STAGE FAILED,STAGE FAILED
,result_panel_rainbow_max_label,Rainbow Max,Rainbow Max,RAINBOW MAX,RAINBOW MAX,RAINBOW MAX
,result_panel_max_label,Max,Max,MAX,MAX,MAX
,result_panel_cool_label,Cool,Cool,COOL,COOL,COOL
,result_panel_good_label,Good,Good,GOOD,GOOD,GOOD
,result_panel_miss_label,Miss,Miss,MISS,MISS,MISS
,result_panel_break_label,Break,Break,BREAK,BREAK,BREAK
,result_panel_max_combo_label,Max Combo,最大连击,MAX COMBO,MAX COMBO,MAX COMBO
,result_panel_fever_bonus_label,Fever Bonus,Fever奖励,FEVER BONUS,FEVER BONUS,FEVER BONUS
,result_panel_combo_bonus_label,Combo Bonus,连击奖励,COMBO BONUS,COMBO BONUS,COMBO BONUS
,result_panel_total_score_label,Score,总分,SCORE,SCORE,SCORE
"Shown when the score is 300,000.",result_panel_absolute_perfect_medal,ABSOLUTE PERFECT,绝对完美,ABSOLUTE PERFECT,ABSOLUTE PERFECT,ABSOLUTE PERFECT
,result_panel_perfect_play_medal,PERFECT PLAY,完美,PERFECT PLAY,PERFECT PLAY,PERFECT PLAY
,result_panel_full_combo_medal,ALL COMBO,全连,ALL COMBO,ALL COMBO,ALL COMBO
,result_panel_rank_label,Rank,等级,YOUR RANK,YOUR RANK,YOUR RANK
,result_panel_ruleset_label,Ruleset,规则,規則,ルールセット,규칙
,result_panel_my_record_label,My record,最高纪录,最高紀錄,自分の記録,나의 기록
,result_panel_new_record_medal,New record,新纪录,新紀錄,新記録,NEW RECORD
,result_panel_select_track_button,SELECT TRACK,选曲,選擇歌曲,SELECT MUSIC,SELECT MUSIC
,result_panel_retry_button,RETRY,重试,重新開始,RETRY,RETRY
,result_panel_legacy_override_indicator,*Pattern contains legacy ruleset override,*谱面包含对经典规则的修改,*譜面包含對經典規則的修改,*レガシールールセットを使用中,* 레거시 규칙 사용 중
,,,,,,
`===== Editor - Select track and setup =====,,,,,,
,new_track_dialog_create_button,Create,新建,新增,作成,생성
,new_track_dialog_cancel_button,Cancel,取消,取消,キャンセル,취소
{0} is a folder or file's full path.,new_track_error_format,"An error occurred when creating or writing to {0}:

{1}","写入{0}时发生错误：

{1}","儲存 {0} 時發生錯誤：

{1}","{0} の書き込み中にエラーが発生しました：

{1}","{0}을/를 생성하는 중 오류가 발생했습니다.

{1}"
,,,,,,
"Most dropdowns (eg. Backing track, BGA) in the
editor contains this as the 1st option.",none_option_in_dropdowns,(None),（无）,(無),(なし),(None)
,,,,,,
,track_setup_panel_title,Track Setup,曲目设置,歌曲設定,トラック設定,음악 설정
,track_setup_discard_changes_confirmation,Unsaved changes to the track will be discarded. Continue?,未保存的更改将会丢失。是否继续？,未儲存的變更將遺失，是否繼續？,変更が保存されません。続けますか？,변경사항이 저장되지 않습니다. 계속하시겠습니까?
,track_setup_discard_changes_confirm,Discard,继续,繼續,終了,나가기
,track_setup_discard_changes_cancel,Cancel,取消,取消,キャンセル,취소
,,,,,,
,track_setup_resource_tab_title,Resources,资源,檔案,ファイル,파일
,track_setup_resource_tab_audio_header,Audio files,音频文件,音訊檔案,オーディオファイル,오디오 파일
,track_setup_resource_tab_image_header,Image files,图像文件,圖片檔案,イメージファイル,이미지 파일
,track_setup_resource_tab_video_header,Video files,视频文件,影像檔案,ビデオファイル,비디오 파일
,track_setup_resource_tab_import_button,Import,导入,匯入,インポート,가져오기
,track_setup_resource_tab_import_button_help,"Import audio, image and video files
so they can later be used as keysounds,
backgrounds, and more.","导入音频、图像、视频文件后，
可以将它们用作按键音、谱面背景等。","匯入音訊、圖片、影像檔案後，
可以將它們使用在按鍵音、譜面背景等。","オーディオ/イメージ/ビデオをインポートしてノート音や
背景などに使うことができます。",연주음 및 배경 등으로 사용할 파일을 가져옵니다.
"Strings in the open file dialog shown when
the user clicks Import button.",track_setup_resource_tab_import_dialog_title,Select resource to import,请选择要导入的资源,請選擇要匯入的檔案,インポートするファイルを選んでください,파일 가져오기
,track_setup_resource_tab_import_dialog_supported_formats,Supported files,支持的格式,支援的格式,サポートするファイル,지원하는 파일
,track_setup_resource_tab_import_dialog_all_files,All files,所有文件,所有檔案,全てのファイル,모든 파일
"A warning shown when the newly imported
files will overwrite existing files.",track_setup_resource_tab_overwrite_warning,"The following files will be overwritten. Continue?

{0}

If you choose to cancel, no file will be copied.","以下文件将被覆盖。是否继续？

{0}

如果选择取消，将不会复制任何文件。","以下檔案將被覆蓋，是否繼續？

{0}

如果選擇取消，將不會複製任何檔案。","次のファイルが上書きされます。続けますか？

{0}

キャンセルを選択するとファイルをインポートしません。","다음 파일을 덮어씁니다. 계속하시겠습니까?

{0}

취소를 선택하면 파일을 가져오지 않습니다."
"Shown in the above message if the number of
files exceeds 10.",track_setup_resource_tab_overwrite_omitted_files,... and {0} more.,……以及{0}个未列出的文件。,…… 以及 {0} 個檔案。,...外 {0},... 외 {0}개
,track_setup_resource_tab_overwrite_confirm,Overwrite,覆盖,覆蓋,上書き,덮어쓰기
,track_setup_resource_tab_overwrite_cancel,Cancel,取消,取消,キャンセル,취소
,track_setup_resource_tab_import_error_format,"An error occurred when copying {0} to {1}:

{2}","将{0}复制到{1}时发生错误：

{2}","將 {0} 複製到 {1} 時發生錯誤：

{2}","{0}を{1}へコピー中にエラーが発生しました：

{2}","{0}을/를 {1}(으)로 복사하는 중 오류가 발생했습니다.

{2}"
,,,,,,
,track_setup_metadata_tab_title,Metadata,元数据,歌曲資訊,メタデータ,메타데이터
,track_setup_metadata_tab_eyecatch_preview,Eyecatch preview,封面预览,封面預覽,アイキャッチプレビュー,커버 이미지 미리보기
,track_setup_metadata_tab_basics_header,Basics,基本信息,基本資料,基本情報,기본 정보
,track_setup_metadata_tab_title_label,Title,标题,標題,タイトル,제목
,track_setup_metadata_tab_artist_label,Artist,艺术家,演出者,アーティスト,작곡가
,track_setup_metadata_tab_genre_label,Genre,流派,曲風,ジャンル,장르
,track_setup_metadata_tab_additional_credit_label,Additional credits,其他制作人,其他演出者,その他,비고
,track_setup_metadata_tab_preview_header,Preview,预览,預覽,プレビュー,프리뷰
,track_setup_metadata_tab_eyecatch_image_label,Eyecatch image,封面,封面圖,アイキャッチイメージ,커버 이미지
,track_setup_metadata_tab_preview_track_label,Preview track,预览曲,預覽歌曲,プレビューオーディオ,미리듣기 음악
,track_setup_metadata_tab_preview_start_label,Preview start,预览开始时间,預覽開始時間,プレビュー開始時点,미리듣기 시작 시점
,track_setup_metadata_tab_preview_end_label,Preview end,预览结束时间,預覽結束時間,プレビュー終了時点,미리듣기 종료 시점
,track_setup_metadata_tab_preview_help,"During pattern selection, the preview track will loop
from the start time to the end time (both in seconds).

Set both start and end to 0 to play the entire file.","当玩家选择谱面时，预览曲将会在开始时间和
结束时间之间循环播放（单位均为秒）。

如果开始、结束时间都是0，将播放预览曲的全部内容。","當玩家選擇譜面時，預覽歌曲將會在開始時間和
結束時間之間循環播放
（單位均為秒）。

如果開始、結束時間都是 0 ，降播放預覽歌曲全部的內容。","パターン選択画面でプレビューオーディオが開始時点から
終了時点までリピート再生されます。（単位：秒）

プレビューオーディオ全体を再生するには
両方を0に設定してください。","패턴 선택 화면에서 미리듣기 음악이 시작 시점부터
종료 시점까지 반복해서 재생됩니다. (단위 : 초)

미리듣기 음악 전체를 재생하려면 두 값을 모두 
0으로 설정하십시오."
,track_setup_metadata_tab_delete_track_button,Delete track,删除曲目,刪除歌曲,トラック削除,곡 삭제
,track_setup_metadata_tab_delete_track_confirmation,This will permanently delete {0} and every file in it. Continue?,这将永久删除{0}及内部的所有文件。是否继续？,這將刪除 {0} 和裡面所有檔案。是否繼續？,{0} の全てのファイルを完全に削除します。続けますか？,{0}의 모든 파일을 영구 삭제합니다. 계속하시겠습니까?
,track_setup_metadata_tab_delete_track_confirm,Delete,删除,刪除,削除,삭제
,track_setup_metadata_tab_delete_track_cancel,Cancel,取消,取消,キャンセル,취소
,,,,,,
,track_setup_patterns_tab_title,Patterns,谱面,譜面,パターン,패턴
,track_setup_patterns_tab_auto_order_label,Automatically order patterns,自动排序谱面,自動排序譜面,パターンを自動で並べる,패턴 자동 정렬
,track_setup_patterns_tab_new_pattern_button,New pattern,新建谱面,新建譜面,新しいパターン,새 패턴
The default name of newly created patterns.,track_setup_patterns_tab_new_pattern_name,New pattern,新谱面,新建譜面,新しいパターン,새 패턴
,track_setup_patterns_tab_no_selection_text,Select or create a pattern to get started.,请选择或新建一个谱面。,請選擇或新建一個譜面。,既存のパターンを選択して編集または新しいパターンを作成します。,기존 패턴을 선택하여 편집하거나 새 패턴을 추가하십시오.
,track_setup_patterns_tab_order_header,Order,顺序,排序,順序,패턴 순서
,track_setup_patterns_tab_basics_header,Basics,基本信息,基本資料,基本情報,기본 정보
,track_setup_patterns_tab_pattern_name_label,Pattern name,名称,名稱,パターン名,패턴 이름
,track_setup_patterns_tab_author_label,Author,作者,作者,投稿者,작성자
,track_setup_patterns_tab_control_scheme_label,Control scheme,操作方式,操作方式,プレイタイプ,플레이 방식
,track_setup_patterns_tab_control_scheme_touch,Touch,触屏,觸控,タッチ,터치
,track_setup_patterns_tab_control_scheme_keys,Keys,键盘,鍵盤,キーボード,키보드
,track_setup_patterns_tab_control_scheme_km,KM,键鼠,鍵鼠,キーボード・マウス,키보드/마우스
,track_setup_patterns_tab_level_label,Level,难度,難度,レベル,난이도
,track_setup_patterns_tab_playable_lanes_label,Playable lanes,可操作轨道数,可遊玩軌道數,プレイ可能なレーン数,플레이 트랙 수
,track_setup_patterns_tab_background_header,Background,背景,背景,背景,배경
,track_setup_patterns_tab_backing_track_label,Backing track,背景音乐,背景音樂,背景音楽,배경 음악
,track_setup_patterns_tab_backing_track_help,"The background music played during gameplay.
BGA offset and First beat offset are relative to
the start of this audio file.","“BGA开始时间”和“第一拍时间”
均相对于背景音乐的开始时间。","“BGA 開始時間” 和 “第一拍時間”
均相對於背景音樂的開始時間。","ゲームのプレイ中に再生される背景音です。
BGAオフセットと最初ノートオフセットは
このファイルの再生開始点を基準とします。","게임 플레이 중 재생되는 배경 음악입니다.
BGA 오프셋과 시작 오프셋의 기준은 이 파일의
시작점이 됩니다."
,track_setup_patterns_tab_background_image_label,Background image,背景图片,背景圖片,背景イメージ,배경 이미지
,track_setup_patterns_tab_bga_label,Background video (BGA),BGA（背景动画）,BGA（背景動畫）,BGA,배경 영상(BGA)
,track_setup_patterns_tab_bga_offset_label,BGA offset,BGA开始时间,BGA 開始時間,BGAオフセット,BGA 오프셋
,track_setup_patterns_tab_bga_offset_help,"If a BGA is specified, it will start playing
this many seconds after the backing track
starts. Can be negative.","如果指定了BGA，它将于背景音乐播放到
这一时间点（单位为秒）时开始播放。
可以是负数。","如果指定了 BGA，它將於背景音樂播放到
這一時間點（單位為秒）時開始播放。
可以是負數。","BGAが指定されている場合、背景音楽が
再生された後、BGAオフセットだけの時間が
過ぎてからBGAが再生されます。（単位：秒、負数可）","BGA를 지정하면, 배경 음악이 시작되고
BGA 오프셋만큼의 시간이 지난 뒤 BGA가 재생됩니다.
(단위 : 초, 음수 입력 가능)"
,track_setup_patterns_tab_wait_for_bga_label,Wait for end of BGA,等待BGA结束,等待 BGA 結束,BGAが終わるまで待機,BGA가 끝날 때까지 대기
,track_setup_patterns_tab_wait_for_bga_help,"Don't end the pattern until the BGA
has completed playing.",等到BGA结束播放后才结束游戏。,等待 BGA 結束播放後才結束遊戲。,"BGAが終わるまでパターンのプレイが
終わりません。",BGA가 끝날 때까지 패턴의 재생을 멈추지 않습니다.
,track_setup_patterns_tab_play_bga_on_loop_label,Play BGA on loop,循环播放BGA,循環播放 BGA,BGAリピート再生,BGA 반복 재생
,track_setup_patterns_tab_first_beat_offset_label,First beat offset,第一拍时间,第一拍時間,最初ノートオフセット,시작 오프셋
,track_setup_patterns_tab_first_beat_offset_help,"The first beat of the pattern happens this many
seconds after the backing track starts.","将背景音乐的这一时间点（单位为秒）
视为谱面的第一拍。",將背景音樂的這一時間點（單位為秒）視為譜面的第一拍,"背景音楽が再生された後、
最初ノートオフセットだけの時間が
過ぎてからパターンが始まります。","배경 음악이 시작되고 시작 오프셋만큼의 시간이 지난 뒤
패턴의 첫 박이 시작됩니다."
,track_setup_patterns_tab_initial_bpm_label,Initial BPM,初始BPM,初始 BPM,初期BPM,초기 BPM
,track_setup_patterns_tab_initial_bpm_help,"BPM means Beats Per Minute.
You can change BPM throughout the pattern.","BPM是指每分钟的拍数。
可以在谱面中途变化。","BPM 是指每分鐘的拍數。
可以在譜面中途變化。","一分間の拍数（BPM）を指定します。
パターンの再生中にBPMを変更できます。","분당 박자 수(BPM)를 지정합니다.
패턴 중간에 BPM을 변경할 수 있습니다."
,track_setup_patterns_tab_bps_label,BPS (Beats Per Scan),BPS（每扫描拍数）,BPS（每掃描拍數）,一小節の拍数（BPS）,마디당 박자 수(BPS)
,track_setup_patterns_tab_bps_help,"Unlike BPM, you cannot change BPS throughout the pattern.",与BPM不同，BPS不能在谱面中途变化。,與 BPM 不同，BPS 不能在譜面中途變化。,"BPMとは別に、BPSはパターンの
再生中に変更できません。","한 스크롤 영역 안에 들어갈 박자 수를 지정합니다.
BPS는 패턴 중간에 변경할 수 없습니다."
,track_setup_patterns_tab_delete_button,Delete,删除,刪除,削除,삭제
,track_setup_patterns_tab_duplicate_button,Duplicate,复制,複製,コピー,복사
,track_setup_patterns_tab_open_button,Open,打开,開啟,開く,열기
,,,,,,
`===== Editor - Pattern =====,,,,,,
,pattern_panel_title,Editing Pattern,编辑谱面,編輯譜面,パターン編集,패턴 편집
,pattern_panel_edit_tab_beat_snap_divisor_label,Beat snap divisor:,节拍划分数：,節拍劃分數,ノートスナップ値,박자 스냅 고정:
,pattern_panel_edit_tab_beat_snap_divisor_help,"Divide each beat into this many portions
when snapping notes.","对齐音符时把每一拍
划分成的份数。",對齊音符時把每一拍劃分成的份數。,"指定した値の間隔を保つよう、
ノートをスナップさせます。","노트 이동 시 한 번에 지정한 박자 간격만큼
움직이도록 위치를 맞춥니다."
,pattern_panel_edit_tab_time_event_button,Time Event,时间事件,時間事件,タイムイベント,타임 이벤트
,pattern_panel_edit_tab_visible_lanes_label,Visible lanes,可见轨道数,可見音軌數,表示レーン数,표시 트랙 수
,pattern_panel_edit_tab_visible_lanes_help,Adjust vertical zoom.,调整每个轨道的高度。,調整每個軌道的高度,"表示レーン数だけレーンが見えるよう、
縦方向ズームを調整します。","지정한 수만큼의 트랙이 한 화면에 들어오도록
세로 크기를 조정합니다."
,pattern_panel_edit_tab_legend_scan_beat,Scan-Beat,扫描数-拍数,掃描數-拍數,スキャン-拍,마디-박자
,pattern_panel_edit_tab_legend_time,Time,时间,時間,時間,시간
,pattern_panel_edit_tab_legend_bpm,BPM,BPM,BPM,BPM,BPM
,pattern_panel_edit_tab_legend_time_stop,Time stop,时停,停止時間,タイムストップ,시간 정지
,pattern_panel_edit_tab_preview_button,Preview,预览,預覽,プレビュー,프리뷰
,,,,,,
,pattern_panel_tools_tab_inspect_button,Inspect,检查,檢查,検証,오류 검사
,pattern_panel_tools_tab_radar_button,Radar,雷达,雷達,分析,패턴 분석
,pattern_inspection_no_issue,TECHMANIA inspected the pattern and found no issues. Well done!,TECHMANIA检查了此谱面并且没有发现任何问题。恭喜！,恭喜，這個譜面沒有任何問題！,問題が見つかりませんでした。よくやりましたね！,오류가 없습니다.
,pattern_inspection_chain_head_with_no_node,This chain head is not followed by any chain node.,这个锁链头音符的后面没有连接任何锁链节点。,這個鎖鏈音符後面沒有連接任何節點。,チェーンノートの頭がチェーンノードと繋がっていません。,연결형 노트의 중간점(끝점)이 정의되어 있지 않습니다.
,pattern_inspection_chain_node_with_no_head,This chain node is not connected to a chain head.,这个锁链节点没有连接在一个锁链头音符上。,這個鎖鏈節點沒有連接鎖鏈頭音符。,チェーンノードがチェーンノートの頭と繋がっていません。,연결형 노트의 시작점이 정의되어 있지 않습니다.
Replaced in 1.0.2.,pattern_inspection_chain_node_not_in_adjacent_lane,This chain node must be in an adjacent lane to the chain head or chain node before it.,这个锁链节点必须和前面的锁链头/节点位于相邻的轨道。,這個鎖鏈節點必須和前面的鎖鏈頭/節點位於相鄰的軌道。,このチェーンノードは他のチェーンノートの頭またはチェーンノードと隣接のレーンに位置しなければなりません。,인접한 연결형 노트는 인접한 트랙에 위치해야 합니다.
,pattern_inspection_chain_node_crosses_scans,This chain node must be in a same scan as the chain head or chain node before it.,这个锁链节点必须和前面的锁链头/节点位于同一扫描。,這個鎖鏈結點必須和前面的鎖鏈頭/節點位於同一個掃描。,チェーンノードはチェーンノートの頭と同じトラックに配置しなければなりません。,연결형 노트는 그 시작점과 같은 스크롤 영역에 있어야 합니다.
,pattern_inspection_drag_crosses_scans,This drag note spans multiple scans.,这个拖拽音符跨越了多于一个扫描。,這個拖動音符跨越了多個掃描。,ドラッグノートは二つ以上のスキャンを通れません。,드래그 노트는 여러 스크롤 영역에 걸칠 수 없습니다.
,pattern_inspection_drag_leaves_playable_lanes,This drag note leaves the playable lanes at some point.,这个拖拽音符在某处偏离了可操作轨道。,這個拖動音符偏離了遊玩軌道。,ドラッグノートがプレイエリアを離脱しました。,드래그 노트의 경로가 플레이 영역을 벗어났습니다.
,pattern_inspection_drag_leaves_lane_in_keys,"This drag note leaves the lane it started in at some point, which is not allowed in Keys patterns.",这个拖拽音符偏离了起始轨道，这在键盘谱面中是不允许的。,這個拖動音符偏離了起始軌道，這在鍵盤譜面中是不允許的。,ドラッグノートが始まったトラックを離脱しました。このパターンはキーボードでプレイできません。,드래그 노트의 경로가 시작한 트랙을 벗어났습니다. 이 패턴은 키보드로 플레이할 수 없습니다.
,pattern_inspection_hold_longer_than_two_scans,"This hold note is longer than two scans, making it difficult to tell when it ends.",这个长按音符的长度超过了2扫描，这会导致难以判断此音符何时结束。,這個長按音符的長度超過了 2 個掃描，這會導致難以判斷連打音符的結束位置。,このホールドノートは二つのスキャンよりも長く、いつ終了するかを判別することが難しいです。,홀딩 노트는 스크롤 영역 길이의 두 배를 초과할 수 없습니다.
,pattern_inspection_repeat_head_with_no_repeat,This repeat head is not followed by any repeat note.,这个连打头音符的后面没有连接任何连打音符。,這個連打頭音符的後面沒有連接任何連打音符。,連打ノートの頭が連打ノード繋がっていません。,연타 노트의 중간점(끝점)이 정의되어 있지 않습니다.
,pattern_inspection_repeat_note_with_no_head,This repeat note is not connected to a repeat head.,这个连打音符没有连接在一个连打头音符上。,這個連打音符沒有連接在一個連打頭音符上。,連打ノードが連打ノートの頭と繋がっていません。,연타 노트의 시작점이 정의되어 있지 않습니다.
,pattern_inspection_repeat_path_longer_than_two_scans,"This repeat note (or its end point) is more than two scans away from the repeat head, making it difficult to tell when this repeat series ends.",这个连打音符（或者长音符的结束位置）距离对应的连打头音符超过了2扫描，这会导致难以判断连打何时结束。,這個連打音符 （或長音符的結束位置）距離對應的連打頭音符超過了 2 個掃描，這會導致難以判斷連打音符的結束位置。,連打ノートは二つ以上のスキャンを通れません。,한 연타 노트 세트의 전체 길이는 두 마디를 초과할 수 없습니다.
,pattern_inspection_repeat_path_covers_notes,The repeat path between these notes cover other notes.,这些连打音符之间的连线覆盖了其他音符。,這些連打音符之間的連線覆蓋了其他音符。,連打ノートに他のノートが重なっています。,연타 노트가 등장하는 영역에 다른 노트가 겹쳐 있습니다.
,pattern_inspection_mouse_notes_at_same_pulse_in_km,"These notes occupy the same timepoint, making them unplayable in KM patterns.",这些音符位于同一时间点，在键鼠谱面中无法同时演奏。,這些音符位於同一個時間點，在鍵鼠譜面中無法同時演奏。,これらのノートは同じタイムポイントに配置されているため、キーボード・マウスでプレイできません。,위치가 같은 둘 이상의 노트는 키보드+마우스 모드에서 플레이할 수 없습니다.
,pattern_inspection_mouse_notes_during_drag_in_km,This note is unplayable in KM patterns because a drag note is in progress.,在键鼠谱面中无法演奏这个音符，因为有另一个拖拽音符正在进行。,在鍵鼠譜面中無法演奏這個音符，因為有另一個拖動音符進行中。,ドラッグノートを含むパターンはキーボード・マウスでプレイできません。,드래그 노트를 포함하는 패턴은 키보드와 마우스로 플레이할 수 없습니다.
,,,,,,
,pattern_panel_note_details_title,Note details,音符详情,音符資訊,ノート詳細,노트 상세정보
,pattern_panel_note_details_no_selection_text,No note selected.,没有选中任何音符。,沒有選取任何音符,選択したノートがありません。,선택한 노트가 없습니다.
,pattern_panel_note_details_volume_label,Volume,音量,音量,ボリューム,음량
,pattern_panel_note_details_pan_label,Pan,立体声平衡,立體聲平衡,パンニング,좌우 밸런스
,pattern_panel_note_details_preview_button,Preview,预览,預覽,プレビュー,프리뷰
,pattern_panel_note_details_end_of_scan_label,End of scan,扫描末,掃描結尾,末尾ノート,마디 끝 노트
,pattern_panel_note_details_end_of_scan_help,"Draw this note at the previous scan's end,
instead of the next scan's beginning.","把这个音符绘制到前一扫描的末尾，
而不是下一个扫描的起点。","把這個音符渲染到前一掃描的結尾，
而不是下一個掃描的起點。","スキャンの最初ではなく、
以前のスキャンの最後にノートを配置します。","이 노트를 마디의 시작 지점이 아닌 
이전 마디의 끝 지점에 배치합니다."
,pattern_panel_note_details_bspline_label,B-spline,B-样条,B-樣條,B-スプライン,B 스플라인
,pattern_panel_note_details_bspline_help,"Draw this drag note as a B-spline instead of a Bézier Curve.
B-splines are smoother, but don't go through all anchors,
and ignore all control points.","把这个拖拽音符绘制为B-样条而不是贝塞尔曲线。
B-样条更为平滑，但是不经过所有的锚点，
也不受控制点的影响。","把這個拖曳音符繪製為B-樣條而不是貝茲曲線。
B-樣條更為平滑，但是不會經過所有的錨點，
也不受控制點影響。","ドラッグノートにB-スプライン曲線を適用します。
B-スプライン曲線はベジェ曲線よりもっと滑らかな曲線で、
配置したアンカーを通らず全てのコントロールポイントを無視します。","선택한 드래그 노트를 B 스플라인 곡선으로 처리합니다.
B 스플라인은 베지어보다 더 부드러운 곡선으로,
설정한 고정점을 지나지 않으며, 모든 컨트롤 포인트를 무시합니다."
,pattern_panel_keysounds_title,Keysounds,按键音,按鍵音,ノート音,사운드
,pattern_panel_keysounds_upcoming_label,Upcoming:,下一个：,下一個按鍵音,次のノート音,다음 사운드:
Shown when no keysound is selected.,pattern_panel_keysounds_upcoming_none,(None),（无）,(無),（なし）,(없음)
,pattern_panel_keysounds_upcoming_help,"The next note you place will have this keysound.
You can select multiple keysounds by holding
Ctrl or Shift; they will apply sequentially.","下一个添加的音符将使用以下按键音。
你可以使用Ctrl和Shift来选择多个按键音，
它们将依次作用于新添加的音符。","下一個放置的音符將使用以下按鍵音。
您可以使用 Ctrl 和 Shift 來選擇多個按鍵音，
它們將依次套用於新放置的音符。","次のノートにこのノート音が指定されます。
CtrlまたはShiftを長押ししながら
複数のノート音を選択できます。
複数選択したノート音は
順番に指定されます。","이 사운드를 다음에 생성하는 노트에 연주음으로 지정합니다.
Ctrl 또는 Shift를 누른 채로 여러 사운드를 선택하여 순서대로 사용할 수 있습니다."
,,,,,,
,pattern_panel_options_appearance_header,Appearance,界面,介面,表示,표시
,pattern_panel_options_show_keysounds_on_notes,Show keysounds on notes,在音符上显示按键音,在音符上顯示按鍵音。,ノートに指定したノート音名を表示,노트에 연주음 이름 표시
,pattern_panel_options_keep_scanline_in_view_label,Keep scanline in view,保持扫描线可见,保持掃描線在螢幕內。,スキャンラインにビュー固定,판정선에 시점 고정
,pattern_panel_options_keep_scanline_in_view_description,Automatically scroll the workspace whenever the scanline goes out of view.,当扫描线离开工作区时自动滚动工作区。,當掃描線離開工作區自動捲動。,プレイバックするときにスキャンラインが見えなくなった場合、自動でスクロールします。,작업 영역 밖으로 타임라인이 이탈하면 자동으로 다음 구간으로 스크롤합니다.
,pattern_panel_options_editing_header,Editing,编辑,編輯,編集,편집
,pattern_panel_options_apply_keysounds_label,Apply keysound to selection,选择按键音时作用于选区,選取區域套用按鍵音,ノート音オート指定,연주음 자동 적용
,pattern_panel_options_apply_keysounds_description,"When you click a keysound, apply it to any notes selected.",选择按键音时，将所有选中音符的按键音改为新选择的按键音。,選擇按鍵音時，將所有選中的音符改為新選擇的按鍵音。,ノート音を選択すると、選択した全てのノートに指定されます。,클릭한 사운드를 현재 선택한 모든 노트에 지정합니다.
,pattern_panel_options_apply_note_type_label,Apply note type to selection,选择音符类型时作用于选区,選擇區域套用音符類型,ノートタイプオート適用,노트 타입 자동 적용
,pattern_panel_options_apply_note_type_description,"When you click a note type, apply it to any notes selected.",选择音符类型时，将所有选中音符的类型改为新选择的类型。,選擇音符類型時，將所有選中的音符類型改為新選擇的類型。,ノートタイプを選択すると、選択した全てのノートがそのノートタイプに置き換えられます。,현재 선택한 모든 노트를 클릭한 노트 종류로 변경합니다.
,pattern_panel_options_lock_notes_label,Lock notes in time,锁定音符时间,鎖定音符時間,ノート移動範囲固定,노트 시점 고정
,pattern_panel_options_lock_notes_description,Prevent dragging notes to a different time. Does not affect cut/copy/paste.,确保无法横向移动任何音符。对剪切、复制、粘贴没有影响。,確保無法橫向移動任何音符。不受剪下、複製、貼上影響。,"ノートを移すとき、他のスキャンに移せなくなり、トラックのみ変更できるようになります。
切り取り/コピー/貼り付けには影響しません。","노트를 옮길 때 시점을 고정합니다. 트랙 위치만 변경할 수 있으며, 잘라내기/복사/붙여넣기 기능에는 영향을 주지 않습니다."
,pattern_panel_options_lock_anchors_label,Lock drag anchors in time,锁定拖拽锚点时间,鎖定拖動錨點時間,ドラッグノートアンカー移動範囲固定,드래그 노트 고정점 시점 고정
,pattern_panel_options_lock_anchors_description,Prevent dragging drag anchors to a different time.,确保无法横向移动任何拖拽音符的锚点。,確保無法橫向移動任何拖動音符的錨點。,ドラッグノートのアンカーを移すとき、他の小節に移せなくなります。,드래그 노트의 고정점을 옮길 때 시점을 고정합니다.
,pattern_panel_options_snap_anchors_label,Snap drag note anchors,对齐拖拽锚点,對齊拖動錨點,ドラッグノートアンカースナップ,드래그 노트 고정점 스냅
,pattern_panel_options_snap_anchors_description,Snap anchors the same way as other notes.,按照对齐音符的方式对齐拖拽音符的锚点。,按照對齊音符的方式對齊拖動音符的錨點。,ドラッグノートのアンカーも他のノートのようにスナップされます。,드래그 노트의 고정점도 다른 노트처럼 스냅되도록 설정합니다.
,pattern_panel_options_playback_header,Playback,播放,播放,プレイバック,재생
,pattern_panel_options_metronome_label,Metronome,节拍器,節拍器,メトロノーム,메트로놈 기능
,pattern_panel_options_assist_tick_label,Play ticks on silent notes,在无声音符上播放辅助音效,在無聲音符上播放輔助音效。,無音ノートに打撃音適用,연주음이 없는 노트에서 클랩음 재생
,pattern_panel_options_return_scanline_label,Return scanline after playback,播放后归位扫描线,播放後歸位掃描線,プレイバックの停止後スキャンラインを戻させる,타임라인 되돌리기
,pattern_panel_options_return_scanline_description,"When you stop playback, return the scanline to where the playback started.",结束播放时把扫描线复位到开始播放的位置。,結束播放時把掃描線復原到開始播放的位置。,プレイバックを停止すると、スキャンラインが最初にプレイバックした時点へ戻ります。,재생을 중지하면 처음 재생한 시점으로 타임라인이 되돌아갑니다.
,pattern_panel_options_help_header,Help,帮助,幫助,ヘルプ,도움말
,pattern_panel_options_shortcuts_label,Shortcuts,快捷键,快捷鍵,ショートカット,단축키
,pattern_panel_options_shortcuts_help,"Ctrl+S <indent=25%>Save</indent>
Ctrl+Z/Y <indent=25%>Undo / Redo</indent>
` <indent=25%>Rectangle tool</indent>
1-9 <indent=25%>Select note type</indent>
P <indent=25%>Preview keysound of selected note</indent>
Ctrl+A/D <indent=25%>Select / Deselect all notes</indent>
Ctrl+X/C/V <indent=25%>Cut / Copy / Paste</indent>
Ctrl+E <indent=25%>Toggle end-of-scan</indent>
F <indent=25%>Scroll to a selected note</indent>

Space <indent=25%>Start/stop playback</indent>

Scroll wheel <indent=35%>Scroll pattern horizontally</indent>
Shift+Scroll wheel <indent=35%>Scroll pattern vertically</indent>
Ctrl+Scroll wheel <indent=35%>Zoom in/out</indent>
Alt+Scroll wheel <indent=35%>Change beat snap divisor</indent>

Home / End <indent=35%>Move scanline to beginning / end of pattern</indent>
Page Up / Down <indent=35%>Move scanline left / right by one scan</indent>

Hold Ctrl or Shift when selecting notes or keysounds to select multiple.","Ctrl+S <indent=25%>保存</indent>
Ctrl+Z/Y <indent=25%>撤销/重做</indent>
` <indent=25%>选框工具</indent>
1-9 <indent=25%>选择音符类型</indent>
P <indent=25%>预览选中音符的按键音</indent>
Ctrl+A/D <indent=25%>全选/取消全选所有音符</indent>
Ctrl+X/C/V <indent=25%>剪切/复制/粘贴</indent>
Ctrl+E <indent=25%>切换扫描末</indent>
F <indent=25%>滚动至选中的音符</indent>

空格 <indent=25%>开始/结束播放</indent>

滚轮 <indent=25%>横向滚动</indent>
Shift+滚轮 <indent=25%>纵向滚动</indent>
Ctrl+滚轮 <indent=25%>缩放</indent>
Alt+滚轮 <indent=25%>调整节拍划分数</indent>

Home / End <indent=35%>将扫描线移动至谱面头部/尾部</indent>
Page Up / Down <indent=35%>将扫描线向左/右移动一个扫描</indent>

按住Ctrl或Shift可以多选音符与按键音。","Ctrl+S <indent=25%>儲存</indent>
Ctrl+Z/Y <indent=25%>復原/重做</indent>
` <indent=25%>框選工具</indent>
1-9 <indent=25%>選擇音符類型</indent>
P <indent=25%>預覽選中音符的按鍵音</indent>
Ctrl+A/D <indent=25%>全選/取消全選所有音符</indent>
Ctrl+X/C/V <indent=25%>剪下/複製/貼上</indent>
Ctrl+E <indent=25%>切換掃描末</indent>
F <indent=25%>滾動至選中的音符</indent>

空格 <indent=25%>開始/結束播放</indent>

滾輪 <indent=35%>橫向滾動</indent>
Shift+滾輪 <indent=35%>縱向滾動</indent>
Ctrl+滾輪 <indent=35%>縮放</indent>
Alt+滾輪 <indent=35%>調整節拍劃分數</indent>

Home / End <indent=35%>將掃描線移動至譜面開頭/結尾</indent>
Page Up / Down <indent=35%>將掃描線向左/右移動一個掃描</indent>

按住 Ctrl 或 Shift 可以多選音符與按鍵音。","Ctrl+S <indent=25%>保存</indent>
Ctrl+Z/Y <indent=25%>元に戻す/やり直し</indent>
` <indent=25%>選択ツール</indent>
1-9 <indent=25%>ノートタイプ選択</indent>
P <indent=25%>選択したノートのノート音プレビュー</indent>
Ctrl+A/D <indent=25%>全て選択/選択解除</indent>
Ctrl+X/C/V <indent=25%>切り取り/コピー/貼り付け</indent>
Ctrl+E <indent=25%>末尾ノートオン/オフ</indent>
F <indent=25%>選択したノートの位置へ移動</indent>

Space <indent=25%>プレイバック/停止</indent>

マウスホイール <indent=35%>横方向にスクロール</indent>
Shift+マウスホイール <indent=35%>縦方向にスクロール</indent>
Ctrl+マウスホイール <indent=35%>ズームイン/アウト</indent>
Alt+マウスホイール <indent=35%>ノートスナップ値変更</indent>

Home / End <indent=35%>スキャンラインをパターンの最初/最後に移動させる</indent>
Page Up / Down <indent=35%>タイムラインを1スキャン前/後に移動させる</indent>

ノートまたはノート音を複数選択するにはCtrlまたはShiftを長押ししながら選択します。","Ctrl+S <indent=25%>저장</indent>
Ctrl+Z/Y <indent=25%>실행 취소 / 다시 실행</indent>
` <indent=25%>선택 도구</indent>
1-9 <indent=25%>노트 종류 선택</indent>
P <indent=25%>선택한 노트의 사운드 프리뷰</indent>
Ctrl+A/D <indent=25%>모든 노트 선택 / 선택 해제</indent>
Ctrl+X/C/V <indent=25%>잘라내기 / 복사 / 붙여넣기</indent>
Ctrl+E <indent=25%>마디 끝 노트 설정</indent>
F <indent=25%>선택한 노트가 보이도록 이동</indent>

Space <indent=25%>재생 / 정지</indent>

마우스 휠 <indent=35%>가로 방향으로 스크롤</indent>
Shift+마우스 휠 <indent=35%>세로 방향으로 스크롤</indent>
Ctrl+마우스 휠 <indent=35%>확대 / 축소</indent>
Alt+마우스 휠 <indent=35%>박자 스냅 고정값 변경</indent>

Home / End <indent=35%>타임라인을 패턴의 처음/끝으로 이동</indent>
Page Up / Down <indent=35%>타임라인을 한 마디 앞/뒤로 이동</indent>

여러 개의 노트나 키사운드를 선택하려면 Ctrl 또는 Shift키를 누른 채 선택하십시오."
,pattern_panel_options_rectangle_tool_label,Rectangle tool,选框工具,框選工具,選択ツール,선택 툴
,pattern_panel_options_rectangle_tool_help,"Click and drag to draw a rectangle and select all notes within it.
Hold Shift to append to the current selection.
Hold Alt to subtract from the current selection.
Hold Ctrl to move all selected notes. You can do this from anywhere in the workspace.","用鼠标左键绘制矩形从而选中矩形内的所有音符。
按住Shift可以额外选中矩形内的音符。
按住Alt可以取消选中矩形内的音符。
按住Ctrl可以移动所有选中的音符，即使鼠标指针不在某个音符上也可以进行此操作。","用滑鼠左鍵畫出矩形選擇內部所有音符。
按住 Shift 可以額外選取音符。
按住 Alt 可以取消選取選中的音符。
按住 Ctrl 可以移動所有選中的音符，即使滑鼠游標不在某個音符上也能進行此操作。","選択ツールでドラッグして長方形範囲内の全てのノートを選択することができます。
Shiftを長押ししながら選択すると選択済みのノートと一緒に選択されます。
Altを長押ししながら選択すると選択済みのノートを選択解除します。
Ctrlを長押ししながら選択したノートを移します。この機能は編集画面のどこにでも使用することができます。","선택 툴로 직사각형을 그려 해당 범위 안에 있는 모든 노트들을 선택할 수 있습니다.
노트를 선택한 후 다른 노트를 추가로 선택하려면 Shift를 누른 채로 선택하십시오.
선택된 상태인 노트의 선택을 해제하려면 Alt를 누른 채로 선택하십시오.
Ctrl를 누른 채로 선택한 노트를 옮길 수 있습니다. 해당 기능은 작업 영역 어디에서나 사용 가능합니다."
,pattern_panel_options_drag_control_label,Drag note controls,拖拽音符,拖動音符。,ドラッグノートの詳細説明,드래그 노트에 대한 상세설명
,pattern_panel_options_drag_control_help,"Drag notes are Bézier curves or B-splines controlled by anchors and control points.
Select a drag note to show its anchors, control points, and anchor receiver (the brown curve in the middle).
Click on the anchor receiver to add an anchor.
Click and drag anchors and control points to move them.
Right click to remove anchors and control points.
Hold Ctrl, click and drag an anchor to reset its control points.
When using B-spline, control points are hidden.","拖拽音符是由锚点和控制点所控制的贝塞尔曲线或者B-样条。
选中一个拖拽音符可以显示其锚点和控制点，以及锚点接收线（音符中心的棕色曲线）。
在锚点接收线上点击以增加锚点。
用鼠标左键拖拽移动锚点和控制点。
用鼠标右键点击可以删除锚点和控制点。
按住Ctrl并用鼠标左键拖拽锚点可以重置其控制点。
使用B-样条时，将不会显示控制点。","拖動音符是由冒點和控制點所控制的貝茲曲線。
選取一個拖動音符可以顯示它的錨點和控制點，以及錨點接收線（音符中心的棕色曲線）。
點擊錨點接收線以增加錨點。
用滑鼠左鍵拖曳移動錨點和控制點。
用滑鼠右鍵點擊可以刪除錨點和控制點。
按住 Ctrl 並用滑鼠左鍵拖曳錨點可以重置其控制點。","ドラッグノートはアンカーとコントロールポイントによって決められるベジェ曲線またはB-スプライン曲線に沿って進行します。
ドラッグノートを選択するとアンカー、コントロールポイント、アンカーレシーバー（ノート中央の茶色の線）が表示されます。
アンカーレシーバーをクリックしてアンカーを追加することができます。
アンカーとコントロールポイントをドラックして移します。
Ctrlを長押ししながらアンカーをクリックし、ドラッグすることでコントロールポイントを配置することができます。","드래그 노트의 진행 경로는 고정점 및 컨트롤 포인트로 정해지는 베지어/B 스플라인 곡선을 따라갑니다.
드래그 노트를 선택하면 고정점, 컨트롤 포인트, 고정선(노트 가운데에 있는 갈색 선)이 표시됩니다.
고정선을 클릭하여 고정점을 추가할 수 있습니다.
고정점과 컨트롤 포인트를 클릭하여 선택하고 드래그하여 위치를 옮길 수 있습니다.
고정점과 컨트롤 포인트를 우클릭하여 삭제할 수 있습니다.
Ctrl를 누른 채로 고정점을 클릭하고 드래그하여 컨트롤 포인트를 배치할 수 있습니다."
"""Snackbar"" is the tiny message box shown at the
bottom of the pattern panel, used to show minor errors.",pattern_panel_snackbar_hold_note_zero_length,Hold notes cannot have zero length.,长按音符的长度不能为0。,長按音符的長度不能為 0。,ホールドノートの長さは0になれません。,홀딩 노트의 길이는 0이 될 수 없습니다.
,pattern_panel_snackbar_hold_note_covers_other_notes,Hold notes cannot cover other notes.,长按音符不能遮盖其他音符。,長按音符不能蓋過其他音符,ホールドノートは他のノートの上に配置できません。,홀딩 노트는 다른 노트를 가릴 수 없습니다.
,pattern_panel_snackbar_drag_flows_left,Drag notes cannot flow to the left at any point.,拖拽音符在任意位置都不能向左行进。,拖動音符無法向左前進,ドラッグノートは左側に向かえません。,드래그 노트는 왼쪽을 향할 수 없습니다.
,pattern_panel_snackbar_anchor_too_close_to_existing,The anchor you are trying to add is too close to an existing anchor.,新添加的锚点过于靠近其他锚点。,新錨點太靠近其他錨點。,アンカーの位置が配置済みのアンカーと近過ぎます。,고정점을 추가하려는 위치가 이미 생성된 고정점과 너무 가깝습니다.
,pattern_panel_snackbar_cannot_delete_first_anchor,Cannot delete the first anchor in each drag note.,不能删除拖拽音符的第一个锚点。,不能刪除拖動音符的第一個錨點。,ドラッグノートの一番目のアンカーは削除できません。,드래그 노트의 첫 고정점은 삭제할 수 없습니다.
,pattern_panel_snackbar_at_least_two_anchors,Drag notes must contain at least 2 anchors.,拖拽音符必须包含至少2个锚点。,拖動音符必須包含至少兩個錨點,ドラッグノートはアンカーを少なくとも二つ以上持たなければなりません。,드래그 노트는 고정점을 최소 2개 이상 가져야 합니다.
,pattern_panel_snackbar_before_scan_0,Cannot place notes before scan 0.,音符不能位于第0扫描之前。,音符不能放置於第 0 掃描之前。,ノートは0番目のスキャンの前に配置できません。,0번 마디 이전에 노트를 배치할 수 없습니다.
,pattern_panel_snackbar_above_topmost_lane,Cannot place notes above the topmost lane.,音符不能位于最上方的轨道之上。,音符不能放置於最上方軌道以上,ノートは0番レーンの上側に配置できません。,0번 트랙 위쪽에 노트를 배치할 수 없습니다.
,pattern_panel_snackbar_below_bottommost_lane,Cannot place notes below the bottommost lane.,音符不能位于最下方的轨道之下。,音符不能放置於最下方軌道以下,ノートは63番レーンの下側に配置できません。,63번 트랙 아래쪽에 노트를 배치할 수 없습니다.
,pattern_panel_snackbar_on_top_of_existing_note,Cannot place notes on top of an existing note.,音符不能和其他音符位于同一位置。,音符不能和其他音符位於同一位置。,ノートは配置済みのノートの上に配置できません。,기존 노트와 겹치도록 노트를 배치할 수 없습니다.
,pattern_panel_snackbar_chain_note_at_same_pulse,No two chain notes may occupy the same timepoint.,锁链音符不能位于同一时间点。,鎖鏈音符不能位於同一個時間點,二つのチェーンノートは同じ縦軸に配置できません。,연결형 노트끼리는 서로 같은 시작점을 공유할 수 없습니다.
,pattern_panel_snackbar_covered_by_hold_note,Notes cannot be covered by hold notes.,音符不能被其他长按音符遮盖。,音符不能被其他長按音符蓋過,ノートはホールドノートの裏側に配置できません。,노트는 홀딩 노트에 가려지도록 배치할 수 없습니다.
,pattern_panel_resource_loading_error_format,"An error occurred when loading resources:

{0}

You can continue to edit this pattern, but playback and preview will be disabled.","读取资源时发生错误：

{0}

你可以继续编辑谱面，但是将无法使用播放功能。","載入資源時發生錯誤：

{0}

您可以繼續編輯譜面，但是無法使用播放功能。","ファイルの読み込み中にエラーが発生しました：

{0}

このパターンの編集は続けられますが、プレイバックとブレビューは無効化されます。","다음 파일을 불러오는 중 오류가 발생했습니다.

{0}

패턴 편집을 계속할 수 있으나, 재생 및 프리뷰 기능은 이용할 수 없습니다."
,,,,,,
,time_event_dialog_header,At the scanline's current position:,在扫描线的当前位置：,在掃描線的目前位置：,現在のスキャンラインの位置の：,현재 타임라인이 위치한 곳의…
,time_event_dialog_change_bpm_button,change BPM to,将BPM改为,將 BPM 改為,BPMを次のように変更,BPM을 다음으로 변경:
,time_event_dialog_dont_change_bpm_button,don't change BPM,不修改BPM,不修改 BPM,BPMを変更しない,BPM을 변경하지 않음
,time_event_dialog_stop_time_button,stop time for,停止时间,停止時間,停止時間,중지 시간
,time_event_dialog_stop_time_button_after_text_field,beats,（拍）,（拍）,拍,박자
,time_event_dialog_dont_stop_time_button,don't stop time,不停止时间,不停止時間,時間を止めない,시간을 멈추지 않습니다.
,time_event_dialog_do_both_help,"If you both change BPM and stop time, BPM change applies first.",如果既修改BPM又停止时间，将以修改BPM为优先。,如果同時修改 BPM 又停止時間，將以修改 BPM 為優先。,両方を適用した場合、BPM変更を優先します。,"BPM과 시간 정지를 동시에 사용하면, BPM 변경이 우선 적용됩니다."
,time_event_dialog_ok_button,OK,确定,確定,OK,확인
,time_event_dialog_cancel_button,Cancel,取消,取消,キャンセル,취소
,,,,,,
,pattern_radar_dialog_raw_header,Raw,计算结果,計算結果,計算結果,계산 결과
,pattern_radar_dialog_normalized_header,Normalized,标准化结果,標準化結果,正規化,정규화
,pattern_radar_dialog_suggested_level_label,Suggested level:,建议难度：,建議難度：,おすすめのレベル：,추천 레벨:
,pattern_radar_dialog_disclaimer,"* Refer to the manual for the definition and formula of each item.
* Suggested level is only a suggestion. Use your own judgement when deciding a pattern's level.","* 有关各数值的定义与计算方式请查阅文档。
* 建议难度仅供参考，请以个人判断来确定谱面的最终难度。","* 有關個數值的定義與計算方式請查看說明文件。
* 建議難度僅供參考，請以個人判斷來決定譜面的最終難度。","* それぞれの項目の定義と計算方式は公式マニュアルをご参照ください。
* このレベルはおすすめのレベルです。参考用としてご利用ください。","* 각 항목의 정의외 계산 방식은 TECHMANIA 공식 문서를 참조하십시오.
* 이 레벨은 프로그램의 추천 값입니다. 실제 레벨을 정할 때 참고용으로만 사용하십시오."
,,,,,,